Page,2015-07-01,2015-07-02,2015-07-03,2015-07-04,2015-07-05,2015-07-06,2015-07-07,2015-07-08,2015-07-09,2015-07-10,2015-07-11,2015-07-12,2015-07-13,2015-07-14,2015-07-15,2015-07-16,2015-07-17,2015-07-18,2015-07-19,2015-07-20,2015-07-21,2015-07-22,2015-07-23,2015-07-24,2015-07-25,2015-07-26,2015-07-27,2015-07-28,2015-07-29,2015-07-30,2015-07-31,2015-08-01,2015-08-02,2015-08-03,2015-08-04,2015-08-05,2015-08-06,2015-08-07,2015-08-08,2015-08-09,2015-08-10,2015-08-11,2015-08-12,2015-08-13,2015-08-14,2015-08-15,2015-08-16,2015-08-17,2015-08-18,2015-08-19,2015-08-20,2015-08-21,2015-08-22,2015-08-23,2015-08-24,2015-08-25,2015-08-26,2015-08-27,2015-08-28,2015-08-29,2015-08-30,2015-08-31,2015-09-01,2015-09-02,2015-09-03,2015-09-04,2015-09-05,2015-09-06,2015-09-07,2015-09-08,2015-09-09,2015-09-10,2015-09-11,2015-09-12,2015-09-13,2015-09-14,2015-09-15,2015-09-16,2015-09-17,2015-09-18,2015-09-19,2015-09-20,2015-09-21,2015-09-22,2015-09-23,2015-09-24,2015-09-25,2015-09-26,2015-09-27,2015-09-28,2015-09-29,2015-09-30,2015-10-01,2015-10-02,2015-10-03,2015-10-04,2015-10-05,2015-10-06,2015-10-07,2015-10-08,2015-10-09,2015-10-10,2015-10-11,2015-10-12,2015-10-13,2015-10-14,2015-10-15,2015-10-16,2015-10-17,2015-10-18,2015-10-19,2015-10-20,2015-10-21,2015-10-22,2015-10-23,2015-10-24,2015-10-25,2015-10-26,2015-10-27,2015-10-28,2015-10-29,2015-10-30,2015-10-31,2015-11-01,2015-11-02,2015-11-03,2015-11-04,2015-11-05,2015-11-06,2015-11-07,2015-11-08,2015-11-09,2015-11-10,2015-11-11,2015-11-12,2015-11-13,2015-11-14,2015-11-15,2015-11-16,2015-11-17,2015-11-18,2015-11-19,2015-11-20,2015-11-21,2015-11-22,2015-11-23,2015-11-24,2015-11-25,2015-11-26,2015-11-27,2015-11-28,2015-11-29,2015-11-30,2015-12-01,2015-12-02,2015-12-03,2015-12-04,2015-12-05,2015-12-06,2015-12-07,2015-12-08,2015-12-09,2015-12-10,2015-12-11,2015-12-12,2015-12-13,2015-12-14,2015-12-15,2015-12-16,2015-12-17,2015-12-18,2015-12-19,2015-12-20,2015-12-21,2015-12-22,2015-12-23,2015-12-24,2015-12-25,2015-12-26,2015-12-27,2015-12-28,2015-12-29,2015-12-30,2015-12-31,2016-01-01,2016-01-02,2016-01-03,2016-01-04,2016-01-05,2016-01-06,2016-01-07,2016-01-08,2016-01-09,2016-01-10,2016-01-11,2016-01-12,2016-01-13,2016-01-14,2016-01-15,2016-01-16,2016-01-17,2016-01-18,2016-01-19,2016-01-20,2016-01-21,2016-01-22,2016-01-23,2016-01-24,2016-01-25,2016-01-26,2016-01-27,2016-01-28,2016-01-29,2016-01-30,2016-01-31,2016-02-01,2016-02-02,2016-02-03,2016-02-04,2016-02-05,2016-02-06,2016-02-07,2016-02-08,2016-02-09,2016-02-10,2016-02-11,2016-02-12,2016-02-13,2016-02-14,2016-02-15,2016-02-16,2016-02-17,2016-02-18,2016-02-19,2016-02-20,2016-02-21,2016-02-22,2016-02-23,2016-02-24,2016-02-25,2016-02-26,2016-02-27,2016-02-28,2016-02-29,2016-03-01,2016-03-02,2016-03-03,2016-03-04,2016-03-05,2016-03-06,2016-03-07,2016-03-08,2016-03-09,2016-03-10,2016-03-11,2016-03-12,2016-03-13,2016-03-14,2016-03-15,2016-03-16,2016-03-17,2016-03-18,2016-03-19,2016-03-20,2016-03-21,2016-03-22,2016-03-23,2016-03-24,2016-03-25,2016-03-26,2016-03-27,2016-03-28,2016-03-29,2016-03-30,2016-03-31,2016-04-01,2016-04-02,2016-04-03,2016-04-04,2016-04-05,2016-04-06,2016-04-07,2016-04-08,2016-04-09,2016-04-10,2016-04-11,2016-04-12,2016-04-13,2016-04-14,2016-04-15,2016-04-16,2016-04-17,2016-04-18,2016-04-19,2016-04-20,2016-04-21,2016-04-22,2016-04-23,2016-04-24,2016-04-25,2016-04-26,2016-04-27,2016-04-28,2016-04-29,2016-04-30,2016-05-01,2016-05-02,2016-05-03,2016-05-04,2016-05-05,2016-05-06,2016-05-07,2016-05-08,2016-05-09,2016-05-10,2016-05-11,2016-05-12,2016-05-13,2016-05-14,2016-05-15,2016-05-16,2016-05-17,2016-05-18,2016-05-19,2016-05-20,2016-05-21,2016-05-22,2016-05-23,2016-05-24,2016-05-25,2016-05-26,2016-05-27,2016-05-28,2016-05-29,2016-05-30,2016-05-31,2016-06-01,2016-06-02,2016-06-03,2016-06-04,2016-06-05,2016-06-06,2016-06-07,2016-06-08,2016-06-09,2016-06-10,2016-06-11,2016-06-12,2016-06-13,2016-06-14,2016-06-15,2016-06-16,2016-06-17,2016-06-18,2016-06-19,2016-06-20,2016-06-21,2016-06-22,2016-06-23,2016-06-24,2016-06-25,2016-06-26,2016-06-27,2016-06-28,2016-06-29,2016-06-30,2016-07-01,2016-07-02,2016-07-03,2016-07-04,2016-07-05,2016-07-06,2016-07-07,2016-07-08,2016-07-09,2016-07-10,2016-07-11,2016-07-12,2016-07-13,2016-07-14,2016-07-15,2016-07-16,2016-07-17,2016-07-18,2016-07-19,2016-07-20,2016-07-21,2016-07-22,2016-07-23,2016-07-24,2016-07-25,2016-07-26,2016-07-27,2016-07-28,2016-07-29,2016-07-30,2016-07-31,2016-08-01,2016-08-02,2016-08-03,2016-08-04,2016-08-05,2016-08-06,2016-08-07,2016-08-08,2016-08-09,2016-08-10,2016-08-11,2016-08-12,2016-08-13,2016-08-14,2016-08-15,2016-08-16,2016-08-17,2016-08-18,2016-08-19,2016-08-20,2016-08-21,2016-08-22,2016-08-23,2016-08-24,2016-08-25,2016-08-26,2016-08-27,2016-08-28,2016-08-29,2016-08-30,2016-08-31,2016-09-01,2016-09-02,2016-09-03,2016-09-04,2016-09-05,2016-09-06,2016-09-07,2016-09-08,2016-09-09,2016-09-10,2016-09-11,2016-09-12,2016-09-13,2016-09-14,2016-09-15,2016-09-16,2016-09-17,2016-09-18,2016-09-19,2016-09-20,2016-09-21,2016-09-22,2016-09-23,2016-09-24,2016-09-25,2016-09-26,2016-09-27,2016-09-28,2016-09-29,2016-09-30,2016-10-01,2016-10-02,2016-10-03,2016-10-04,2016-10-05,2016-10-06,2016-10-07,2016-10-08,2016-10-09,2016-10-10,2016-10-11,2016-10-12,2016-10-13,2016-10-14,2016-10-15,2016-10-16,2016-10-17,2016-10-18,2016-10-19,2016-10-20,2016-10-21,2016-10-22,2016-10-23,2016-10-24,2016-10-25,2016-10-26,2016-10-27,2016-10-28,2016-10-29,2016-10-30,2016-10-31,2016-11-01,2016-11-02,2016-11-03,2016-11-04,2016-11-05,2016-11-06,2016-11-07,2016-11-08,2016-11-09,2016-11-10,2016-11-11,2016-11-12,2016-11-13,2016-11-14,2016-11-15,2016-11-16,2016-11-17,2016-11-18,2016-11-19,2016-11-20,2016-11-21,2016-11-22,2016-11-23,2016-11-24,2016-11-25,2016-11-26,2016-11-27,2016-11-28,2016-11-29,2016-11-30,2016-12-01,2016-12-02,2016-12-03,2016-12-04,2016-12-05,2016-12-06,2016-12-07,2016-12-08,2016-12-09,2016-12-10,2016-12-11,2016-12-12,2016-12-13,2016-12-14,2016-12-15,2016-12-16,2016-12-17,2016-12-18,2016-12-19,2016-12-20,2016-12-21,2016-12-22,2016-12-23,2016-12-24,2016-12-25,2016-12-26,2016-12-27,2016-12-28,2016-12-29,2016-12-30,2016-12-31
魔兽系列角色列表_zh.wikipedia.org_desktop_all-agents,131.0,129.0,250.0,130.0,152.0,112.0,116.0,134.0,137.0,154.0,130.0,329.0,319.0,213.0,231.0,179.0,128.0,146.0,168.0,172.0,136.0,210.0,141.0,160.0,89.0,90.0,128.0,71.0,92.0,145.0,124.0,75.0,88.0,132.0,112.0,143.0,133.0,203.0,157.0,120.0,153.0,195.0,153.0,244.0,190.0,169.0,153.0,159.0,148.0,152.0,146.0,113.0,174.0,141.0,179.0,172.0,169.0,152.0,129.0,122.0,108.0,126.0,158.0,118.0,120.0,159.0,120.0,147.0,198.0,143.0,120.0,103.0,104.0,113.0,111.0,140.0,90.0,120.0,83.0,100.0,129.0,99.0,142.0,123.0,147.0,166.0,130.0,182.0,91.0,92.0,142.0,143.0,85.0,66.0,123.0,157.0,71.0,90.0,121.0,123.0,118.0,117.0,67.0,117.0,158.0,113.0,95.0,145.0,131.0,87.0,108.0,107.0,138.0,101.0,167.0,95.0,86.0,90.0,122.0,111.0,100.0,136.0,102.0,135.0,204.0,440.0,565.0,327.0,566.0,2666.0,1323.0,1034.0,718.0,415.0,292.0,322.0,225.0,226.0,201.0,200.0,230.0,241.0,233.0,218.0,188.0,127.0,208.0,184.0,154.0,156.0,93.0,147.0,162.0,135.0,154.0,132.0,156.0,129.0,112.0,124.0,109.0,135.0,157.0,143.0,127.0,126.0,339.0,183.0,172.0,111.0,179.0,128.0,154.0,144.0,129.0,221.0,131.0,143.0,137.0,148.0,154.0,178.0,108.0,128.0,188.0,144.0,148.0,165.0,141.0,181.0,181.0,123.0,141.0,177.0,109.0,131.0,127.0,100.0,131.0,147.0,247.0,129.0,93.0,142.0,114.0,148.0,102.0,126.0,154.0,177.0,156.0,134.0,104.0,196.0,92.0,104.0,137.0,197.0,136.0,85.0,78.0,89.0,64.0,96.0,96.0,84.0,99.0,110.0,71.0,109.0,81.0,107.0,86.0,111.0,89.0,114.0,92.0,165.0,74.0,145.0,84.0,89.0,69.0,118.0,86.0,82.0,105.0,108.0,99.0,131.0,146.0,220.0,123.0,111.0,190.0,146.0,151.0,150.0,265.0,110.0,138.0,191.0,147.0,215.0,217.0,197.0,184.0,119.0,137.0,123.0,91.0,134.0,110.0,137.0,262.0,176.0,107.0,95.0,114.0,114.0,101.0,110.0,235.0,149.0,102.0,116.0,90.0,182.0,122.0,119.0,120.0,128.0,123.0,179.0,257.0,248.0,206.0,141.0,152.0,167.0,160.0,134.0,156.0,158.0,121.0,174.0,119.0,165.0,167.0,193.0,122.0,130.0,85.0,151.0,127.0,115.0,91.0,143.0,82.0,119.0,158.0,226.0,183.0,194.0,183.0,233.0,172.0,214.0,2781.0,1104.0,556.0,360.0,224.0,258.0,360.0,341.0,303.0,358.0,299.0,370.0,345.0,499.0,688.0,2786.0,4709.0,4751.0,5886.0,5100.0,4398.0,2942.0,2710.0,2017.0,2116.0,2334.0,2455.0,1555.0,1484.0,982.0,1003.0,918.0,933.0,968.0,873.0,882.0,522.0,511.0,435.0,449.0,556.0,424.0,293.0,343.0,291.0,407.0,285.0,580.0,578.0,542.0,449.0,379.0,367.0,338.0,412.0,357.0,263.0,284.0,346.0,400.0,490.0,472.0,557.0,537.0,400.0,361.0,455.0,282.0,359.0,278.0,372.0,318.0,435.0,587.0,511.0,404.0,416.0,360.0,456.0,580.0,554.0,564.0,458.0,558.0,388.0,361.0,509.0,363.0,257.0,314.0,404.0,267.0,256.0,321.0,310.0,256.0,404.0,338.0,264.0,237.0,276.0,336.0,323.0,348.0,341.0,177.0,280.0,210.0,211.0,224.0,280.0,261.0,269.0,359.0,4234.0,8198.0,1416.0,742.0,534.0,372.0,333.0,202.0,269.0,322.0,315.0,371.0,272.0,287.0,244.0,216.0,339.0,319.0,206.0,269.0,196.0,259.0,246.0,257.0,177.0,294.0,195.0,248.0,147.0,217.0,161.0,136.0,192.0,174.0,178.0,142.0,172.0,129.0,148.0,158.0,136.0,166.0,204.0,103.0,82.0,173.0,107.0,141.0,106.0,99.0,120.0,199.0,160.0,130.0,128.0,160.0,119.0,106.0,147.0,103.0,139.0,264.0,229.0,204.0,158.0,126.0,145.0,124.0,142.0,208.0,136.0,103.0,99.0,144.0,110.0,151.0,94.0,116.0,88.0,175.0,132.0,130.0,149.0,111.0,91.0,113.0,97.0,157.0,124.0,95.0,112.0,125.0,74.0,114.0,134.0,125.0,198.0,93.0,182.0,147.0,116.0,132.0,111.0,68.0,164.0,92.0,190.0,109.0
Thread:Project:Support_desk/Wanting_to_change_error_text/reply_www.mediawiki.org_all-access_spider,1.0,1.0,1.0,1.0,1.0,1.0,1.0,1.0,1.0,1.0,1.0,1.0,1.0238095238095237,1.0476190476190477,1.0714285714285714,1.0952380952380953,1.119047619047619,1.1428571428571428,1.1666666666666667,1.1904761904761905,1.2142857142857142,1.2380952380952381,1.2619047619047619,1.2857142857142856,1.3095238095238095,1.3333333333333333,1.3571428571428572,1.380952380952381,1.4047619047619047,1.4285714285714286,1.4523809523809523,1.4761904761904763,1.5,1.5238095238095237,1.5476190476190474,1.5714285714285714,1.5952380952380953,1.619047619047619,1.6428571428571428,1.6666666666666665,1.6904761904761905,1.7142857142857142,1.7380952380952381,1.7619047619047619,1.7857142857142856,1.8095238095238095,1.8333333333333333,1.8571428571428572,1.880952380952381,1.9047619047619047,1.9285714285714284,1.9523809523809523,1.9761904761904763,2.0,1.8571428571428572,1.7142857142857144,1.5714285714285714,1.4285714285714286,1.2857142857142858,1.1428571428571428,1.0,1.0,1.0,1.0,1.0,1.0,1.0,1.0,1.0,1.0,1.0,1.0,1.0,1.0,1.0,1.0,1.0,1.0,1.0,1.0,1.0,1.0,1.0,1.0,1.0,1.0,1.0,1.0,1.0,1.0,1.0,1.0,1.0,1.0,1.0,1.0,1.0,1.0,1.0,1.0,1.0,1.0,1.0,0.9411764705882353,0.8823529411764706,0.8235294117647058,0.7647058823529411,0.7058823529411764,0.6470588235294118,0.5882352941176471,0.5294117647058824,0.47058823529411764,0.4117647058823529,0.3529411764705882,0.2941176470588236,0.23529411764705888,0.17647058823529416,0.11764705882352944,0.05882352941176472,0.0,0.0,0.0,0.0,0.0,0.0,0.0,0.0,0.0,0.0,0.0,0.0,0.0,0.0,0.0,0.0,0.0,0.0,0.0,0.0,0.0,0.0,0.0,0.0,0.0,0.0,0.0,0.0,0.0,0.0,0.0,0.0,0.0,0.0,0.0,0.0,0.0,0.0,0.0,0.0,0.0,0.25,0.5,0.75,1.0,1.0,1.0,1.0,1.0,1.0,1.0,1.0,1.0,1.0,1.0,1.0,1.0,1.0,1.0,1.0,1.0,1.0,1.0,1.0,1.0,1.0,1.0,1.0,1.0,1.0,1.0,0.8888888888888888,0.7777777777777778,0.6666666666666667,0.5555555555555556,0.4444444444444444,0.33333333333333337,0.22222222222222232,0.11111111111111116,0.0,0.14285714285714285,0.2857142857142857,0.42857142857142855,0.5714285714285714,0.7142857142857142,0.8571428571428571,1.0,1.0,1.0,1.0,1.0,1.0,1.0,1.0,1.0,1.0,1.0,1.0,1.0,1.0,1.0,1.0,1.0,1.0,1.0,1.0,1.0,1.0,1.0,1.0,1.0,1.0,1.0,1.0,1.0,1.0,0.8888888888888888,0.7777777777777778,0.6666666666666667,0.5555555555555556,0.4444444444444444,0.33333333333333337,0.22222222222222232,0.11111111111111116,0.0,0.0,0.0,0.0,0.3333333333333333,0.6666666666666666,1.0,1.0,1.0,1.0,1.0,1.0,1.0,0.6666666666666667,0.33333333333333337,0.0,0.0,0.0,0.0,0.0,0.0,0.0,0.0,0.0,0.0,0.0,0.0,0.0,0.0,0.0,0.0,0.0,0.0,0.0,0.0,0.0,0.0,0.0,0.0,0.0,1.0,0.8571428571428572,0.7142857142857143,0.5714285714285714,0.4285714285714286,0.2857142857142858,0.1428571428571429,0.0,0.3333333333333333,0.6666666666666666,1.0,1.0,1.0,1.0,1.0,1.0,1.0,0.6666666666666667,0.33333333333333337,0.0,0.125,0.25,0.375,0.5,0.625,0.75,0.875,1.0,0.75,0.5,0.25,0.0,0.0,1.0,0.0,0.0,3.0,0.0,0.0,0.0,0.0,0.0,0.0,0.0,2.0,8.0,14.0,0.0,0.0,0.0,0.0,0.0,0.0,0.0,0.0,0.5,1.0,0.5,0.0,0.0,0.0,0.0,0.0,0.0,1.0,0.0,0.0,0.0,1.0,0.0,0.0,0.0,0.5,1.0,0.6666666666666667,0.33333333333333337,0.0,0.0,0.0,0.0,1.0,0.0,0.0,0.0,0.0,0.0,0.0,1.0,0.0,0.0,0.0,28.0,0.0,1.0,0.0,0.5,1.0,0.0,1.0,0.0,1.0,1.0,0.0,0.0,1.0,0.0,0.0,1.0,1.0,0.0,1.0,0.0,0.0,0.0,0.0,0.0,0.0,0.0,0.0,0.0,0.0,0.0,0.0,4.0,1.0,0.0,0.0,0.0,0.0,1.0,2.0,0.0,0.0,0.0,0.0,0.0,0.0,0.0,0.0,0.0,0.0,0.0,1.0,0.0,0.0,0.0,0.0,0.0,0.0,0.0,0.0,1.0,0.0,0.0,0.0,0.0,0.0,0.0,0.0,0.0,0.0,0.0,5.0,0.0,2.0,0.0,0.0,0.0,0.0,0.0,0.0,0.0,0.0,3.0,1.5,0.0,0.0,0.0,0.0,0.0,0.0,0.0,0.0,0.0,0.0,0.0,0.0,0.0,0.0,0.0,0.0,0.0,0.0,0.0,0.0,0.0,0.0,0.0,0.0,0.0,0.0,0.0,0.0,0.0,0.0,0.0,0.0,0.0,0.0,4.0,3.0,1.0,1.0,2.0,0.0,0.0,0.0,0.0,0.0,0.0,0.0,0.0,0.0,0.3333333333333333,0.6666666666666666,1.0,1.0,1.0,0.0,0.5,1.0,0.0,0.0,0.0,0.0,0.0,0.0,0.5,1.0,0.0,0.0,0.0,0.0,0.0,0.0,0.0,0.0,0.5,1.0,1.5,2.0,1.5,1.0,0.5,0.0,0.0,0.5,1.0,1.0,0.0,0.5,1.0,1.0,1.0,2.0,0.0,0.0
Vampire_Diaries_de.wikipedia.org_all-access_spider,2.0,7.0,4.0,4.0,2.0,9.0,12.0,10.0,39.0,20.0,27.0,2.0,2.0,40.0,13.0,6.0,3.0,6.0,8.0,5.0,13.0,4.0,5.0,18.0,10.0,3.0,8.0,6.0,8.0,4.0,6.0,5.0,7.0,4.0,3.0,6.0,8.0,4.0,4.0,4.0,2.0,8.0,7.0,4.0,7.0,6.0,4.0,8.0,2.0,4.0,12.0,9.0,6.0,3.0,7.0,9.0,8.0,7.0,8.0,3.0,11.0,16.0,6.0,9.0,8.0,4.0,13.0,4.0,3.0,4.0,20.0,8.0,3.0,4.0,9.0,6.0,27.0,8.0,11.0,8.0,6.0,9.0,5.0,5.0,9.0,11.0,5.0,7.0,7.0,7.0,17.0,9.0,22.0,8.0,11.0,11.0,9.0,7.0,10.0,13.0,10.0,17.0,6.0,46.0,8.0,5.0,10.0,8.0,13.0,19.0,8.0,12.0,16.0,41.0,21.0,8.0,25.0,9.0,9.0,4.0,6.0,9.0,16.0,12.0,10.0,5.0,10.0,5.0,10.0,18.0,4.0,7.0,9.0,8.0,9.0,8.0,10.0,2.0,22.0,18.0,19.0,10.0,14.0,20.0,12.0,16.0,5.0,12.0,14.0,3.0,13.0,10.0,11.0,199.0,10.0,8.0,6.0,7.0,11.0,9.0,7.0,11.0,10.0,10.0,10.0,6.0,12.0,10.0,5.0,9.0,7.0,12.0,11.0,6.0,6.0,4.0,8.0,18.0,12.0,12.0,13.0,12.0,10.0,5.0,13.0,15.0,19.0,10.0,12.0,10.0,15.0,12.0,12.0,17.0,26.0,19.0,11.0,18.0,10.0,20.0,39.0,18.0,6.0,12.0,15.0,13.0,23.0,19.0,9.0,14.0,11.0,22.0,20.0,22.0,29.0,15.0,8.0,18.0,7.0,14.0,9.0,11.0,11.0,23.0,7.0,113.0,16.0,11.0,25.0,32.0,25.0,19.0,11.0,27.0,14.0,8.0,13.0,18.0,13.0,13.0,20.0,8.0,16.0,43.0,32.0,8.0,20.0,33.0,13.0,11.0,13.0,6.0,8.0,9.0,11.0,30.0,15.0,8.0,11.0,5.0,15.0,75.0,166.0,90.0,12.0,8.0,8.0,19.0,23.0,20.0,10.0,13.0,21.0,10.0,11.0,47.0,11.0,14.0,14.0,14.0,11.0,8.0,12.0,26.0,13.0,10.0,3.0,17.0,13.0,7.0,11.0,10.0,20.0,9.0,13.0,18.0,6.0,14.0,31.0,16.0,21.0,14.0,13.0,12.0,12.0,16.0,29.0,13.0,4.0,8.0,8.0,9.0,4.0,12.0,7.0,9.0,16.0,10.0,21.0,34.0,14.0,13.0,14.0,10.0,11.0,10.0,5.0,11.0,15.0,13.0,17.0,7.0,14.0,11.0,18.0,25.0,20.0,19.0,11.0,16.0,10.0,13.0,10.0,12.0,11.0,10.0,10.0,15.0,10.0,13.0,37.0,7.0,10.0,18.0,15.0,12.0,19.0,19.0,12.0,11.0,12.0,7.0,8.0,5.0,9.0,6.0,14.0,23.0,17.0,48.0,172.0,127.0,91.0,77.0,49.0,57.0,60.0,67.0,7.0,22.0,49.0,22.0,31.0,22.0,11.0,9.0,6.0,9.0,20.0,126.0,79.0,144.0,90.0,128.0,63.0,47.0,146.0,124.0,93.0,336.0,439.0,207.0,296.0,180.0,279.0,213.0,224.0,174.0,400.0,232.0,333.0,159.0,387.0,251.0,283.0,106.0,157.0,44.0,30.0,30.0,22.0,37.0,45.0,40.0,21.0,44.0,25.0,24.0,79.0,33.0,87.0,74.0,40.0,18.0,19.0,31.0,19.0,20.0,17.0,20.0,23.0,27.0,12.0,16.0,18.0,29.0,14.0,20.0,13.0,8.0,16.0,42.0,7.0,12.0,3.0,8.0,11.0,24.0,11.0,15.0,14.0,8.0,48.0,11.0,6.0,11.0,49.0,7.0,19.0,7.0,8.0,7.0,11.0,10.0,33.0,11.0,14.0,9.0,9.0,20.0,13.0,14.0,10.0,11.0,9.0,4.0,25.0,13.0,18.0,23.0,14.0,32.0,24.0,32.0,17.0,32.0,3.0,7.0,8.0,7.0,33.0,10.0,8.0,5.0,6.0,36.0,10.0,18.0,22.0,6.0,10.0,16.0,10.0,1.0,15.0,28.0,20.0,22.0,9.0,10.0,4.0,21.0,6.0,6.0,6.0,27.0,8.0,10.0,35.0,5.0,8.0,11.0,9.0,9.0,27.0,23.0,12.0,23.0,15.0,13.0,13.0,11.0,9.0,24.0,10.0,49.0,14.0,14.0,16.0,23.0
Silence_(2016_film)_en.wikipedia.org_all-access_spider,13.0,22.0,11.0,12.0,35.0,25.0,8.0,18.0,25.0,8.0,12.0,27.0,15.0,14.0,20.0,18.0,15.0,9.0,24.0,8.0,7.0,11.0,7.0,7.0,9.0,9.0,13.0,18.0,12.0,5.0,5.0,9.0,7.0,5.0,4.0,5.0,7.0,3.0,8.0,5.0,12.0,9.0,10.0,5.0,7.0,11.0,7.0,10.0,28.0,6.0,33.0,26.0,44.0,15.0,9.0,10.0,6.0,6.0,3.0,8.0,9.0,10.0,11.0,5.0,12.0,4.0,3.0,7.0,9.0,6.0,16.0,2.0,5.0,4.0,4.0,7.0,5.0,11.0,14.0,10.0,15.0,10.0,15.0,9.0,15.0,9.0,14.0,15.0,14.0,7.0,10.0,17.0,11.0,14.0,14.0,14.0,7.0,18.0,17.0,3.0,11.0,2.0,4.0,5.0,11.0,4.0,10.0,5.0,8.0,7.0,2.0,44.0,10.0,11.0,4.0,9.0,10.0,4.0,7.0,6.0,22.0,6.0,9.0,8.0,7.0,5.0,5.0,4.0,8.0,6.0,7.0,7.0,4.0,16.0,12.0,10.0,10.0,82.0,60.0,50.0,51.0,17.0,8.0,16.0,11.0,11.0,6.0,9.0,11.0,14.0,12.0,12.0,5.0,19.0,8.0,15.0,15.0,13.0,14.0,6.0,9.0,13.0,11.0,5.0,8.0,8.0,12.0,12.0,22.0,11.0,24.0,13.0,46.0,12.0,44.0,13.0,17.0,14.0,15.0,19.0,11.0,39.0,15.0,21.0,17.0,15.0,17.0,10.0,23.0,17.0,15.0,32.0,14.0,37.0,16.0,13.0,24.0,35.0,22.0,612.0,31.0,25.0,25.0,14.0,17.0,28.0,12.0,30.0,28.0,24.0,12.0,20.0,19.0,12.0,18.0,16.0,19.0,39.0,12.0,21.0,21.0,6.0,24.0,9.0,14.0,17.0,7.0,118.0,39.0,13.0,26.0,12.0,39.0,98.0,30.0,38.0,10.0,17.0,28.0,11.0,10.0,40.0,15.0,35.0,15.0,22.0,33.0,36.0,19.0,17.0,25.0,11.0,16.0,14.0,12.0,21.0,16.0,21.0,9.0,28.0,20.0,13.0,16.0,5.0,10.0,17.0,15.0,14.0,13.0,13.0,15.0,7.0,11.0,17.0,22.0,11.0,14.0,21.0,14.0,15.0,47.0,15.0,17.0,14.0,12.0,13.0,50.0,17.0,27.0,16.0,16.0,19.0,16.0,20.0,6.0,12.0,19.0,15.0,16.0,21.0,13.0,11.0,18.0,27.0,10.0,11.0,21.0,19.0,16.0,43.0,27.0,20.0,14.0,18.0,13.0,15.0,45.0,7.0,7.0,19.0,19.0,13.0,16.0,14.0,15.0,13.0,14.0,12.0,13.0,12.0,9.0,13.0,17.0,7.0,15.0,18.0,13.0,14.0,9.0,23.0,10.0,19.0,13.0,20.0,15.0,18.0,11.0,16.0,7.0,7.0,15.0,16.0,10.0,20.0,16.0,13.0,11.0,20.0,27.0,24.0,17.0,21.0,16.0,28.0,28.0,32.0,30.0,13.0,29.0,12.0,11.0,25.0,14.0,18.0,19.0,9.0,13.0,9.0,14.0,52.0,15.0,10.0,14.0,12.0,8.0,9.0,22.0,9.0,66.0,15.0,13.0,18.0,17.0,10.0,12.0,13.0,8.0,9.0,12.0,14.0,31.0,12.0,23.0,9.0,4.0,13.0,19.0,23.0,50.0,40.0,30.0,21.0,13.0,9.0,24.0,55.0,19.0,20.0,47.0,69.0,16.0,12.0,20.0,22.0,13.0,9.0,17.0,12.0,38.0,25.0,17.0,14.0,37.0,21.0,21.0,34.0,45.0,13.0,11.0,14.0,33.0,8.0,13.0,26.0,18.0,27.0,14.0,13.0,13.0,24.0,14.0,51.0,15.0,336.0,110.0,135.0,124.0,434.0,38.0,20.0,22.0,17.0,25.0,17.0,31.0,24.0,17.0,14.0,18.0,22.0,23.0,15.0,24.0,47.0,41.0,50.0,131.0,20.0,50.0,34.0,25.0,33.0,33.0,13.0,21.0,28.0,23.0,11.0,16.0,21.0,18.0,22.0,24.0,107.0,84.0,27.0,49.0,21.0,17.0,29.0,42.0,34.0,33.0,31.0,105.0,49.0,31.0,18.0,20.0,28.0,222.0,228.0,283.0,313.0,78.0,61.0,120.0,55.0,294.0,115.0,38.0,64.0,118.0,139.0,78.0,77.0,104.0,220.0,100.0,182.0,180.0,329.0,108.0,93.0,214.0,181.0,112.0,79.0,102.0,150.0,314.0,204.0,232.0,71.0,162.0,205.0,185.0,160.0,104.0,170.0
"Amar,_después_de_amar_es.wikipedia.org_all-access_all-agents",30.0,30.0,30.0,30.0,30.0,30.0,30.0,30.0,30.0,30.0,30.0,30.0,30.0,30.0,30.0,30.0,30.0,30.0,30.0,30.0,30.0,30.0,30.0,30.0,30.0,30.0,30.0,30.0,30.0,30.0,30.0,30.0,30.0,30.0,30.0,30.0,30.0,30.0,30.0,30.0,30.0,30.0,30.0,30.0,30.0,30.0,30.0,30.0,30.0,30.0,30.0,30.0,30.0,30.0,30.0,30.0,30.0,30.0,30.0,30.0,30.0,30.0,30.0,30.0,30.0,30.0,30.0,30.0,30.0,30.0,30.0,30.0,30.0,30.0,30.0,30.0,30.0,30.0,30.0,30.0,30.0,30.0,30.0,30.0,30.0,30.0,30.0,30.0,30.0,30.0,30.0,30.0,30.0,30.0,30.0,30.0,30.0,30.0,30.0,30.0,30.0,30.0,30.0,30.0,30.0,30.0,30.0,30.0,30.0,30.0,30.0,30.0,30.0,30.0,30.0,30.0,30.0,30.0,30.0,30.0,30.0,30.0,30.0,30.0,30.0,30.0,30.0,30.0,30.0,30.0,30.0,30.0,30.0,30.0,30.0,30.0,30.0,30.0,30.0,30.0,30.0,30.0,30.0,30.0,30.0,30.0,30.0,30.0,30.0,30.0,30.0,30.0,30.0,30.0,30.0,30.0,30.0,30.0,30.0,30.0,30.0,30.0,30.0,30.0,30.0,30.0,30.0,30.0,30.0,30.0,30.0,30.0,30.0,30.0,30.0,30.0,30.0,30.0,30.0,30.0,30.0,30.0,30.0,30.0,30.0,30.0,30.0,30.0,30.0,30.0,30.0,30.0,30.0,30.0,30.0,30.0,30.0,30.0,30.0,30.0,30.0,30.0,30.0,30.0,30.0,30.0,30.0,30.0,30.0,30.0,30.0,30.0,30.0,30.0,30.0,30.0,30.0,30.0,30.0,30.0,30.0,30.0,30.0,30.0,30.0,30.0,30.0,30.0,30.0,30.0,30.0,30.0,30.0,30.0,30.0,30.0,30.0,30.0,30.0,30.0,58.0,57.0,50.0,54.0,43.0,92.0,168.0,149.0,164.0,139.0,170.0,143.0,120.0,178.0,153.0,140.0,131.0,115.0,112.0,104.0,118.0,170.0,165.0,131.0,136.0,111.0,122.0,126.0,114.0,133.0,126.0,371.0,222.0,173.0,381.0,317.0,301.0,234.0,392.0,336.0,261.0,250.0,180.0,188.0,234.0,158.0,216.0,151.0,304.0,457.0,331.0,346.0,260.0,225.0,211.0,174.0,279.0,343.0,292.0,261.0,221.0,216.0,200.0,224.0,174.0,167.0,263.0,245.0,596.0,492.0,338.0,337.0,301.0,1117.0,1165.0,559.0,385.0,347.0,294.0,277.0,474.0,677.0,551.0,319.0,237.0,199.0,252.0,207.0,212.0,197.0,149.0,139.0,189.0,163.0,186.0,674.0,371.0,300.0,308.0,287.0,286.0,283.0,185.0,217.0,211.0,174.0,133.0,172.0,223.0,172.0,206.0,202.0,228.0,242.0,177.0,190.0,179.0,201.0,167.0,263.0,183.0,172.0,238.0,230.0,253.0,241.0,215.0,219.0,203.0,321.0,262.0,243.0,168.0,209.0,160.0,189.0,215.0,212.0,210.0,220.0,250.0,196.0,169.0,229.0,238.0,271.0,232.0,276.0,214.0,179.0,229.0,177.0,213.0,187.0,208.0,169.0,150.0,224.0,177.0,179.0,234.0,205.0,268.0,214.0,195.0,178.0,200.0,204.0,149.0,132.0,149.0,139.0,133.0,163.0,154.0,161.0,150.0,192.0,148.0,140.0,188.0,173.0,129.0,193.0,180.0,158.0,174.0,161.0,160.0,181.0,164.0,131.0,152.0,207.0,157.0,169.0,158.0,184.0,126.0,158.0,235.0,399.0,283.0,176.0,163.0,162.0,142.0,158.0,176.0,176.0,189.0,328.0,609.0,327.0,225.0,176.0,177.0,154.0,212.0,143.0,170.0,120.0,136.0,127.0,179.0,104.0,141.0,126.0,123.0,115.0,145.0,196.0,147.0,129.0,131.0,105.0,132.0,148.0,162.0,209.0,175.0,143.0,183.0,166.0,182.0,221.0,175.0,185.0,244.0,189.0,169.0,148.0,113.0,126.0,153.0,144.0,115.0,109.0,108.0,112.0,132.0,117.0,693.0,1295.0,1695.0,903.0,988.0,420.0,316.0,536.0,726.0,446.0,806.0,363.0,323.0,319.0,380.0,592.0,404.0,363.0,696.0,609.0,341.0,910.0,1550.0,2016.0,1957.0,1169.0,1085.0,476.0,1643.0,1015.0,1267.0,909.0,528.0,339.0,408.0,774.0,689.0,696.0,550.0,514.0,312.0,341.0,591.0,964.0,771.0,627.0,632.0,507.0
Chris_Amon_de.wikipedia.org_desktop_all-agents,5.0,17.0,11.0,5.0,18.0,19.0,14.0,9.0,12.0,7.0,5.0,21.0,13.0,19.0,14.0,14.0,8.0,20.0,22.0,62.0,20.0,25.0,18.0,10.0,19.0,20.0,20.0,16.0,28.0,12.0,16.0,10.0,15.0,9.0,32.0,18.0,13.0,13.0,13.0,8.0,9.0,16.0,10.0,13.0,11.0,14.0,17.0,22.0,34.0,19.0,19.0,22.0,30.0,34.0,24.0,33.0,34.0,14.0,14.0,13.0,7.0,20.0,24.0,17.0,30.0,30.0,28.0,18.0,15.0,16.0,14.0,8.0,19.0,24.0,12.0,8.0,16.0,17.0,25.0,16.0,23.0,22.0,11.0,12.0,13.0,14.0,15.0,16.0,14.0,24.0,15.0,14.0,27.0,14.0,10.0,12.0,20.0,6.0,10.0,15.0,12.0,16.0,11.0,13.0,14.0,16.0,13.0,10.0,10.0,16.0,4.0,13.0,13.0,10.0,10.0,23.0,17.0,23.0,20.0,15.0,15.0,28.0,17.0,22.0,13.0,15.0,17.0,13.0,8.0,15.0,8.0,7.0,14.0,8.0,12.0,10.0,13.0,112.0,107.0,37.0,27.0,29.0,20.0,18.0,13.0,8.0,22.0,13.0,8.0,17.0,15.0,22.0,24.0,20.0,7.0,10.0,7.0,16.0,20.0,10.0,18.0,6.0,18.0,15.0,8.0,16.0,14.0,9.0,14.0,16.0,14.0,12.0,10.0,10.0,13.0,11.0,8.0,9.0,15.0,13.0,14.0,12.0,14.0,10.0,17.0,23.0,15.0,7.0,15.0,12.0,16.0,18.0,12.0,12.0,11.0,20.0,13.0,10.0,9.0,11.0,17.0,17.0,13.0,11.0,13.0,15.0,11.0,9.0,19.0,21.0,9.0,19.0,10.0,11.0,8.0,13.0,15.0,10.0,15.0,10.0,12.0,14.0,11.0,11.0,26.0,25.0,25.0,14.0,24.0,17.0,15.0,14.0,13.0,12.0,11.0,9.0,21.0,18.0,15.0,21.0,9.0,8.0,8.0,8.0,10.0,5.0,8.0,12.0,9.0,12.0,16.0,8.0,13.0,14.0,9.0,15.0,9.0,12.0,19.0,8.0,17.0,10.0,9.0,16.0,16.0,16.0,14.0,13.0,10.0,6.0,12.0,22.0,11.0,11.0,9.0,15.0,12.0,13.0,19.0,14.0,8.0,12.0,13.0,7.0,8.0,12.0,13.0,11.0,12.0,14.0,4.0,17.0,18.0,15.0,8.0,13.0,14.0,17.0,12.0,14.0,10.0,10.0,17.0,18.0,9.0,19.0,18.0,10.0,17.0,9.0,11.0,19.0,10.0,6.0,16.0,15.0,19.0,16.0,11.0,18.0,18.0,7.0,13.0,15.0,11.0,16.0,11.0,15.0,17.0,17.0,10.0,13.0,15.0,23.0,19.0,15.0,14.0,16.0,9.0,12.0,8.0,13.0,11.0,13.0,32.0,27.0,11.0,13.0,16.0,18.0,21.0,12.0,15.0,49.0,24.0,39.0,13.0,9.0,12.0,10.0,16.0,10.0,11.0,7.0,26.0,6.0,10.0,7.0,15.0,11.0,16.0,12.0,17.0,18.0,8.0,15.0,11.0,9.0,14.0,10.0,24.0,10.0,8.0,11.0,17.0,50.0,13.0,6.0,12.0,15.0,15.0,20.0,8.0,19.0,9.0,14.0,41.0,808.0,25.0,10981.0,8508.0,2016.0,165.0,152.0,190.0,142.0,109.0,99.0,58.0,49.0,35.0,66.0,62.0,39.0,45.0,37.0,32.0,26.0,38.0,44.0,41.0,35.0,30.0,29.0,52.0,35.0,43.0,19.0,26.0,44.0,26.0,22.0,41.0,23.0,40.0,18.0,22.0,21.0,11.0,29.0,20.0,25.0,14.0,13.0,15.0,18.0,28.0,23.0,19.0,23.0,17.0,22.0,13.0,18.0,18.0,14.0,10.0,12.0,20.0,13.0,37.0,21.0,5.0,12.0,9.0,21.0,17.0,14.0,17.0,7.0,13.0,22.0,10.0,9.0,6.0,21.0,16.0,8.0,22.0,27.0,30.0,19.0,19.0,16.0,16.0,7.0,12.0,19.0,26.0,17.0,25.0,14.0,16.0,13.0,8.0,20.0,31.0,22.0,19.0,8.0,8.0,12.0,27.0,19.0,25.0,20.0,9.0,12.0,6.0,13.0,29.0,13.0,15.0,13.0,12.0,28.0,36.0,25.0,17.0,19.0,21.0,28.0,17.0,28.0,15.0,15.0,21.0,32.0,8.0,17.0,21.0,15.0,17.0,14.0,11.0,8.0,9.0,28.0,13.0,18.0,19.0,20.0,22.0,23.0,16.0,17.0,36.0,32.0,11.0,18.0
Microcefalia_es.wikipedia.org_desktop_all-agents,82.0,97.0,75.0,51.0,61.0,59.0,86.0,100.0,80.0,78.0,50.0,60.0,69.0,80.0,71.0,90.0,78.0,53.0,44.0,63.0,74.0,71.0,67.0,60.0,40.0,43.0,58.0,73.0,71.0,78.0,58.0,45.0,51.0,75.0,71.0,65.0,72.0,63.0,60.0,57.0,52.0,66.0,91.0,81.0,50.0,51.0,50.0,76.0,94.0,82.0,75.0,55.0,46.0,68.0,79.0,95.0,83.0,87.0,73.0,46.0,47.0,114.0,101.0,114.0,87.0,77.0,72.0,63.0,76.0,87.0,77.0,89.0,63.0,57.0,62.0,59.0,118.0,92.0,88.0,86.0,70.0,87.0,95.0,119.0,106.0,99.0,90.0,51.0,63.0,110.0,126.0,118.0,102.0,72.0,68.0,66.0,99.0,91.0,89.0,81.0,83.0,61.0,80.0,82.0,96.0,99.0,129.0,95.0,52.0,54.0,85.0,95.0,103.0,116.0,94.0,67.0,93.0,100.0,95.0,106.0,120.0,116.0,57.0,68.0,67.0,81.0,99.0,94.0,63.0,62.0,52.0,92.0,95.0,111.0,161.0,123.0,75.0,62.0,91.0,98.0,156.0,290.0,128.0,67.0,84.0,270.0,290.0,257.0,155.0,195.0,118.0,176.0,268.0,332.0,328.0,194.0,272.0,164.0,127.0,143.0,183.0,406.0,176.0,205.0,85.0,97.0,178.0,193.0,408.0,266.0,127.0,105.0,72.0,88.0,128.0,156.0,113.0,53.0,101.0,108.0,196.0,197.0,147.0,73.0,40.0,75.0,69.0,110.0,168.0,261.0,406.0,170.0,101.0,139.0,237.0,311.0,276.0,334.0,267.0,398.0,389.0,662.0,1826.0,3085.0,3128.0,2393.0,1406.0,1161.0,1877.0,3910.0,6251.0,6595.0,5816.0,2878.0,2086.0,5141.0,7856.0,6279.0,5985.0,4079.0,1871.0,1413.0,2161.0,1666.0,1875.0,2093.0,2927.0,1123.0,797.0,1074.0,1481.0,1210.0,1144.0,1075.0,612.0,494.0,690.0,732.0,1072.0,1326.0,670.0,478.0,497.0,575.0,540.0,660.0,511.0,746.0,564.0,350.0,536.0,581.0,634.0,482.0,407.0,327.0,381.0,515.0,485.0,499.0,385.0,413.0,257.0,191.0,292.0,287.0,288.0,154.0,149.0,199.0,215.0,312.0,488.0,385.0,380.0,283.0,202.0,256.0,368.0,401.0,314.0,372.0,303.0,195.0,196.0,275.0,310.0,558.0,1875.0,648.0,241.0,259.0,339.0,320.0,343.0,350.0,268.0,171.0,172.0,263.0,223.0,269.0,224.0,207.0,159.0,176.0,301.0,253.0,221.0,495.0,1637.0,313.0,333.0,657.0,341.0,432.0,323.0,249.0,183.0,154.0,241.0,267.0,262.0,251.0,263.0,152.0,178.0,222.0,230.0,196.0,228.0,193.0,186.0,185.0,379.0,356.0,465.0,454.0,257.0,193.0,156.0,288.0,285.0,397.0,284.0,186.0,152.0,149.0,289.0,249.0,276.0,267.0,191.0,152.0,99.0,175.0,361.0,243.0,158.0,191.0,113.0,141.0,164.0,222.0,198.0,214.0,211.0,161.0,168.0,307.0,276.0,265.0,251.0,171.0,132.0,106.0,201.0,195.0,213.0,214.0,198.0,127.0,116.0,174.0,219.0,136.0,189.0,214.0,193.0,93.0,2331.0,1452.0,651.0,464.0,308.0,192.0,204.0,297.0,315.0,285.0,333.0,221.0,159.0,134.0,211.0,273.0,213.0,230.0,220.0,114.0,109.0,152.0,172.0,196.0,245.0,222.0,109.0,94.0,210.0,269.0,229.0,254.0,232.0,185.0,203.0,227.0,222.0,190.0,211.0,168.0,120.0,144.0,237.0,251.0,348.0,283.0,291.0,218.0,187.0,219.0,258.0,217.0,137.0,206.0,102.0,126.0,280.0,283.0,200.0,189.0,167.0,140.0,117.0,195.0,198.0,189.0,190.0,218.0,134.0,658.0,167.0,206.0,190.0,211.0,143.0,104.0,192.0,194.0,200.0,168.0,147.0,139.0,109.0,102.0,201.0,212.0,153.0,186.0,153.0,129.0,105.0,281.0,234.0,202.0,168.0,158.0,101.0,102.0,177.0,169.0,211.0,258.0,169.0,115.0,109.0,206.0,191.0,180.0,193.0,167.0,186.0,215.0,261.0,293.0,179.0,223.0,142.0,126.0,111.0,162.0,226.0,191.0,150.0,170.0,130.0,151.0,152.0,176.0,138.0,317.0,192.0,74.0,85.0,163.0,152.0,124.0,129.0,188.0,94.0,88.0,115.0,136.0,116.0,115.0,236.0,85.0,82.0,120.0,141.0,93.0,218.0,78.0,65.0,33.0,130.0,139.0,153.0,116.0,101.0,63.0
Ben_Affleck_fr.wikipedia.org_all-access_spider,15.0,13.0,9.0,3.0,6.0,3.0,2.0,5.0,7.0,5.0,5.0,7.0,13.0,5.0,4.0,9.0,4.0,4.0,5.0,34.0,4.0,13.0,1.0,8.0,6.0,4.0,6.0,7.0,6.0,9.0,4.0,6.0,7.0,4.0,2.0,4.0,5.0,2.0,4.0,5.0,2.0,11.0,3.0,13.0,4.0,23.0,5.0,5.0,3.0,2.0,5.0,10.0,3.0,5.0,3.0,6.0,4.0,3.0,6.0,4.0,4.0,6.0,3.0,4.0,3.0,3.0,1.0,3.0,5.0,4.0,2.0,2.0,6.0,7.0,1.0,6.0,6.0,9.0,12.0,8.0,1.0,1.0,5.0,8.0,6.0,2.0,5.0,5.0,6.0,4.0,3.0,3.0,4.0,7.0,3.0,6.0,11.0,3.0,7.0,7.0,6.0,7.0,3.0,17.0,28.0,6.0,4.0,34.0,11.0,8.0,5.0,3.0,21.0,10.0,9.0,6.0,7.0,2.0,8.0,8.0,6.0,5.0,15.0,6.0,15.0,5.0,3.0,6.0,8.0,3.0,4.0,7.0,6.0,11.0,5.0,7.0,4.0,8.0,3.0,4.0,3.0,5.0,4.0,3.0,4.0,4.0,4.0,12.0,8.0,3.0,6.0,8.0,21.0,9.0,5.0,3.0,6.0,5.0,4.0,3.0,5.0,5.0,4.0,5.0,4.0,10.0,8.0,4.0,4.0,10.0,6.0,5.0,7.0,3.0,8.0,3.0,10.0,12.0,9.0,12.0,12.0,4.0,7.0,3.0,5.0,5.0,12.0,4.0,8.0,9.0,7.0,9.0,2.0,8.0,5.0,5.0,2.0,5.0,5.0,5.0,9.0,7.0,7.0,8.0,6.0,4.0,17.0,9.0,16.0,3.0,5.0,14.0,4.0,13.0,16.0,7.0,9.0,6.0,3.0,7.0,7.0,10.0,9.0,11.0,30.0,5.0,12.0,12.0,4.0,5.0,7.0,5.0,8.0,14.0,8.0,9.0,2.0,8.0,5.0,8.0,6.0,14.0,9.0,11.0,5.0,24.0,8.0,2.0,12.0,9.0,3.0,9.0,11.0,7.0,6.0,5.0,6.0,13.0,3.0,5.0,5.0,4.0,8.0,12.0,6.0,8.0,6.0,16.0,23.0,17.0,29.0,22.0,26.0,25.0,12.0,12.0,12.0,8.0,13.0,8.0,10.0,12.0,7.0,5.0,30.0,7.0,7.0,18.0,10.0,7.0,5.0,15.0,12.0,16.0,10.0,13.0,9.0,7.0,2.0,8.0,6.0,6.0,47.0,10.0,6.0,8.0,17.0,15.0,7.0,7.0,9.0,8.0,10.0,35.0,12.0,46.0,80.0,17.0,6.0,8.0,6.0,17.0,2.0,9.0,14.0,5.0,8.0,3.0,13.0,4.0,5.0,7.0,7.0,8.0,10.0,9.0,22.0,11.0,18.0,8.0,14.0,7.0,9.0,9.0,17.0,8.0,7.0,8.0,7.0,15.0,12.0,10.0,12.0,9.0,7.0,6.0,14.0,7.0,8.0,27.0,8.0,10.0,8.0,12.0,7.0,15.0,10.0,26.0,15.0,20.0,43.0,33.0,12.0,7.0,7.0,16.0,8.0,12.0,8.0,44.0,51.0,27.0,56.0,39.0,10.0,9.0,6.0,14.0,11.0,19.0,21.0,6.0,11.0,15.0,19.0,17.0,4.0,5.0,16.0,21.0,12.0,9.0,15.0,9.0,13.0,8.0,10.0,9.0,8.0,8.0,6.0,40.0,11.0,34.0,6.0,4.0,14.0,4.0,5.0,6.0,13.0,7.0,11.0,10.0,8.0,9.0,6.0,1.0,8.0,8.0,7.0,12.0,11.0,16.0,7.0,15.0,21.0,12.0,5.0,9.0,8.0,5.0,10.0,11.0,8.0,7.0,10.0,5.0,22.0,5.0,5.0,2.0,3.0,23.0,1.0,9.0,11.0,11.0,11.0,16.0,23.0,14.0,8.0,7.0,7.0,9.0,8.0,13.0,3.0,314.0,462.0,10.0,19.0,2.0,10.0,4.0,8.0,8.0,7.0,20.0,5.0,8.0,9.0,13.0,5.0,8.0,7.0,6.0,8.0,5.0,15.0,24.0,4.0,78.0,21.0,9.0,15.0,5.0,5.0,3.0,16.0,6.0,7.0,16.0,2.0,7.0,3.0,8.0,12.0,5.0,4.0,3.0,6.0,8.0,10.0,9.0,6.0,4.0,10.0,5.0,9.0,7.0,20.0,8.0,14.0,5.0,21.0,8.0,15.0,8.0,8.0,3.0,18.0,7.0,25.0,15.0,21.0,10.0,15.0,29.0,13.0,13.0,13.0,6.0,9.0,42.0,30.0,11.0,12.0,20.0
福岡大学ワンダーフォーゲル部ヒグマ事件_ja.wikipedia.org_mobile-web_all-agents,24.0,24.0,24.0,24.0,24.0,24.0,24.0,24.0,24.0,24.0,24.0,24.0,24.0,24.0,24.0,24.0,24.0,24.0,24.0,24.0,24.0,24.0,24.0,24.0,24.0,24.0,24.0,24.0,24.0,24.0,24.0,24.0,24.0,24.0,24.0,24.0,24.0,24.0,24.0,24.0,24.0,24.0,24.0,24.0,24.0,24.0,24.0,24.0,24.0,24.0,24.0,24.0,24.0,24.0,24.0,24.0,24.0,24.0,24.0,24.0,24.0,24.0,24.0,24.0,24.0,24.0,24.0,24.0,24.0,24.0,24.0,24.0,24.0,24.0,24.0,24.0,24.0,24.0,24.0,24.0,24.0,24.0,24.0,24.0,24.0,24.0,24.0,24.0,24.0,24.0,24.0,24.0,24.0,24.0,24.0,24.0,24.0,24.0,24.0,24.0,24.0,24.0,24.0,24.0,24.0,24.0,24.0,24.0,24.0,24.0,24.0,24.0,24.0,24.0,24.0,24.0,24.0,24.0,24.0,24.0,24.0,24.0,24.0,24.0,24.0,24.0,24.0,24.0,24.0,24.0,24.0,24.0,24.0,24.0,24.0,24.0,24.0,24.0,24.0,24.0,24.0,24.0,24.0,24.0,24.0,24.0,24.0,24.0,24.0,24.0,24.0,24.0,24.0,24.0,24.0,24.0,24.0,24.0,24.0,24.0,24.0,24.0,24.0,24.0,24.0,24.0,24.0,24.0,24.0,24.0,24.0,24.0,24.0,24.0,24.0,24.0,24.0,24.0,24.0,24.0,24.0,24.0,24.0,24.0,24.0,24.0,24.0,24.0,24.0,24.0,24.0,24.0,24.0,24.0,24.0,24.0,24.0,24.0,24.0,24.0,24.0,24.0,24.0,24.0,24.0,24.0,24.0,24.0,24.0,24.0,24.0,24.0,24.0,24.0,24.0,24.0,24.0,24.0,24.0,24.0,24.0,24.0,24.0,24.0,24.0,24.0,24.0,24.0,24.0,24.0,24.0,24.0,24.0,24.0,24.0,24.0,24.0,24.0,24.0,24.0,24.0,24.0,24.0,24.0,24.0,24.0,24.0,24.0,24.0,24.0,24.0,24.0,24.0,24.0,24.0,24.0,24.0,24.0,24.0,24.0,24.0,24.0,24.0,24.0,24.0,24.0,24.0,24.0,24.0,24.0,24.0,24.0,24.0,24.0,24.0,24.0,24.0,24.0,24.0,92.0,56.0,57.0,43.0,62.0,89.0,56.0,322.0,798.0,367.0,184.0,191.0,247.0,86.0,91.0,67.0,71.0,64.0,65.0,121.0,65.0,51.0,59.0,53.0,65.0,89.0,109.0,181.0,528.0,478.0,286.0,207.0,235.0,258.0,147.0,95.0,111.0,129.0,91.0,121.0,119.0,83.0,89.0,69.0,92.0,92.0,243.0,388.0,203.0,153.0,116.0,132.0,122.0,169.0,393.0,697.0,1129.0,668.0,851.0,415.0,352.0,273.0,189.0,146.0,224.0,220.0,2064.0,1064.0,694.0,2601.0,2116.0,1030.0,715.0,1056.0,988.0,785.0,563.0,416.0,361.0,278.0,291.0,360.0,322.0,246.0,330.0,178.0,396.0,250.0,218.0,189.0,179.0,181.0,141.0,163.0,199.0,655.0,334.0,192.0,176.0,193.0,184.0,166.0,193.0,186.0,198.0,140.0,147.0,147.0,94.0,121.0,174.0,140.0,201.0,177.0,176.0,120.0,146.0,176.0,104.0,215.0,172.0,166.0,107.0,144.0,167.0,168.0,184.0,170.0,288.0,225.0,230.0,297.0,1140.0,645.0,413.0,270.0,250.0,214.0,221.0,165.0,170.0,151.0,215.0,176.0,355.0,35320.0,5317.0,1900.0,982.0,911.0,819.0,1221.0,693.0,389.0,340.0,300.0,247.0,234.0,278.0,339.0,264.0,241.0,245.0,188.0,206.0,242.0,384.0,593.0,300.0,253.0,248.0,177.0,245.0,333.0,175.0,177.0,158.0,160.0,161.0,159.0,252.0,159.0,164.0,136.0,162.0,117.0,532.0,277.0,283.0,190.0,138.0,122.0,139.0,264.0,339.0,220.0,256.0,187.0,190.0,182.0,223.0,198.0,210.0,142.0,155.0,143.0,143.0,180.0,175.0,160.0,139.0,159.0,352.0,187.0,199.0,209.0,146.0,131.0,111.0,122.0,1796.0,854.0,603.0,408.0,352.0,309.0,269.0,313.0,356.0,422.0,305.0,224.0,232.0,189.0,183.0,206.0,201.0,130.0,303.0,184.0,362.0,218.0,219.0,253.0,227.0,159.0,150.0,396.0,739.0,263.0,219.0,206.0,147.0,325.0,209.0,132.0,226.0,172.0,156.0,133.0,139.0,124.0,288.0,187.0,255.0,187.0,126.0,139.0,150.0,143.0,109.0
File:David-Bowie_Chicago_2002-08-08_photoby_Adam-Bielawski-cropped.jpg_commons.wikimedia.org_all-access_spider,3.0,1.0,3.0,2.0,2.0,0.0,1.0,0.0,2.0,2.0,3.0,0.0,1.0,2.0,1.0,1.0,0.0,1.0,2.0,0.0,0.0,2.0,0.0,0.0,0.0,2.0,0.0,0.0,1.0,1.0,1.0,0.0,2.0,0.0,2.0,2.0,2.0,3.0,1.0,1.0,1.0,1.0,1.0,1.0,2.0,0.0,1.0,1.0,2.0,1.0,1.0,1.0,2.0,0.0,2.0,0.0,2.0,0.0,1.0,0.0,2.0,1.0,5.0,2.0,6.0,1.0,1.0,0.0,2.0,0.0,2.0,1.0,2.0,1.0,1.0,0.0,0.0,2.0,3.0,0.0,0.0,3.0,3.0,2.0,1.0,2.0,2.0,0.0,1.0,0.0,3.0,3.0,1.0,5.0,1.0,3.0,2.0,4.0,2.0,0.0,1.0,5.0,3.0,7.0,2.0,1.0,1.0,4.0,1.0,3.0,0.0,1.0,3.0,1.0,0.0,3.0,6.0,8.0,5.0,0.0,3.0,2.0,2.0,1.0,7.0,0.0,3.0,3.0,2.0,2.0,4.0,2.0,2.0,1.0,2.0,1.0,1.0,3.0,1.0,4.0,1.0,6.0,1.0,1.0,3.0,0.0,1.0,1.0,2.0,2.0,1.0,1.0,1.0,0.0,0.0,4.0,1.0,3.0,0.0,3.0,2.0,2.0,0.0,1.0,3.0,1.0,0.0,2.0,1.0,3.0,2.0,1.0,1.0,0.0,1.0,3.0,1.0,3.0,4.0,0.0,0.0,1.0,3.0,1.0,4.0,4.0,0.0,0.0,3.0,2.0,1.0,4.0,1.0,2.0,60.0,15.0,15.0,8.0,56.0,26.0,11.0,14.0,10.0,8.0,13.0,18.0,16.0,8.0,8.0,5.0,5.0,9.0,6.0,3.0,8.0,9.0,6.0,7.0,9.0,6.0,3.0,5.0,1.0,4.0,1.0,3.0,3.0,1.0,1.0,1.0,1.0,3.0,4.0,2.0,2.0,0.0,2.0,2.0,4.0,5.0,6.0,4.0,9.0,1.0,1.0,2.0,10.0,9.0,4.0,5.0,4.0,1.0,7.0,5.0,1.0,13.0,2.0,2.0,5.0,4.0,2.0,5.0,7.0,3.0,6.0,4.0,11.0,4.0,2.0,4.0,2.0,4.0,4.0,2.0,4.0,5.0,9.0,5.0,1.0,4.0,11.0,5.0,7.0,5.0,7.0,8.0,1.0,3.0,4.0,5.0,6.0,3.0,9.0,3.0,3.0,6.0,9.0,19.0,30.0,26.0,17.0,2.0,7.0,4.0,19.0,21.0,3.0,2.0,3.0,4.0,6.0,5.0,4.0,7.0,2.0,6.0,4.0,3.0,2.0,1.0,6.0,1.0,0.0,2.0,0.0,1.0,7.0,9.0,1.0,5.0,6.0,6.0,3.0,3.0,8.0,1.0,7.0,4.0,6.0,1.0,2.0,3.0,7.0,4.0,3.0,5.0,5.0,5.0,4.0,5.0,3.0,5.0,1.0,1.0,4.0,2.0,4.0,21.0,2.0,4.0,2.0,1.0,5.0,3.0,10.0,6.0,3.0,4.0,6.0,4.0,0.0,12.0,1.0,2.0,4.0,2.0,5.0,3.0,7.0,6.0,2.0,2.0,2.0,2.0,3.0,0.0,4.0,1.0,3.0,2.0,7.0,2.0,3.0,4.0,4.0,6.0,1.0,8.0,19.0,3.0,4.0,6.0,6.0,11.0,6.0,4.0,4.0,5.0,8.0,5.0,16.0,11.0,2.0,8.0,5.0,3.0,7.0,4.0,2.0,7.0,9.0,5.0,4.0,6.0,6.0,6.0,7.0,4.0,5.0,0.0,4.0,5.0,2.0,4.0,1.0,5.0,4.0,1.0,4.0,2.0,1.0,6.0,5.0,5.0,3.0,5.0,7.0,0.0,6.0,2.0,4.0,22.0,9.0,14.0,1.0,3.0,13.0,20.0,4.0,3.0,0.0,23.0,10.0,11.0,6.0,20.0,4.0,3.0,17.0,32.0,6.0,6.0,17.0,25.0,19.0,14.0,5.0,10.0,7.0,32.0,11.0,26.0,16.0,14.0,10.0,10.0,7.0,69.0,10.0,13.0,9.0,15.0,9.0,3.0,20.0,4.0,14.0,2.0,5.0,13.0,52.0,5.0,8.0,8.0,23.0,40.0,42.0,67.0,31.0,12.0,40.0,34.0,69.0,36.0,68.0,79.0,74.0,32.0,72.0,16.0,16.0,11.0,38.0,9.0,14.0,39.0,33.0,68.0,26.0,22.0,48.0,15.0,28.0,19.0,26.0,37.0,30.0,14.0,7.0,37.0,41.0,42.0,85.0,80.0,109.0,74.0,82.0,95.0,67.0,102.0
